Nama Tempat,Alamat,No Telepon,Rating,Ulasan Singkat,URL
Bang Jaja Seafood Genteng,"Jl. Genteng Besar No.17, Genteng, Kec. Genteng, Surabaya, Jawa Timur 60275",0857-4666-1565,"4,3","Puas Banget! Seafood Enak, Porsi Jumbo, Harga Kaki Lima  ""Pengalaman makan yang sangat memuaskan di Seafood Genteng. Kemarin iseng …",https://www.google.com/maps/place/Bang+Jaja+Seafood+Genteng/data=!4m7!3m6!1s0x2dd7f9678bd93725:0xb4168c34dde6d6f2!8m2!3d-7.259143!4d112.741855!16s%2Fg%2F11b7vj7p6c!19sChIJJTfZi2f51y0R8tbm3TSMFrQ?authuser=0&hl=id&rclk=1
Nasi Jagung Khas Madura,"Ps. Pegirian, Jl. Nyamplungan No.236, Ampel, Kec. Semampir, Surabaya, Jawa Timur 60152",Tidak diketahui,"4,5","Tempatnya lumayan rame saat jam makan malam. Tempat duduknya ada di trotoar di sekitaran tempat pesannya. Antrian makan di tempat dan bungkus dipisah. Lauknya ada babat, paru, cumi, tongkol, cecek, dan belut. Saya pribadi lebih suka babat, …",https://www.google.com/maps/place/Nasi+Jagung+Khas+Madura/data=!4m7!3m6!1s0x2dd7f91df9900001:0x9a2efc279eb74131!8m2!3d-7.2269964!4d112.7455875!16s%2Fg%2F11f03m_n2q!19sChIJAQCQ-R351y0RMUG3nif8Lpo?authuser=0&hl=id&rclk=1
Restoran,"Surabaya Plaza, Jl. Pemuda No.33-37 LT 5 / FC no 7 (Area Foodcourt, Embong Kaliasin, Kec. Genteng, Surabaya, Jawa Timur 60271",0813-5703-6410,"4,7",Tempat makan dengan citarasa Indonesia yg cukup lama berada di Surabaya Plaza. Interior telah disesuaikan dengan desain  saat ini. Tempat duduk nyaman dan luas. Hanya saja rasa masakan kurang konsisten jika dibandingkan dengan yg dulu. …,https://www.google.com/maps/place/Restoran/data=!4m7!3m6!1s0x2dd7f91266da6435:0xcc03f0b34b0f967d!8m2!3d-7.2647766!4d112.7486923!16s%2Fg%2F11x66bpcn5!19sChIJNWTaZhL51y0RfZYPS7PwA8w?authuser=0&hl=id&rclk=1
Mie KJ 1960,"Jalan Kembang Jepun No.48 Bongkaran, Nyamplungan, Kec. Pabean Cantikan, Surabaya, Jawa Timur 60162",0822-9888-1960,"4,6",Tidak ada ulasan teks,https://www.google.com/maps/place/Mie+KJ+1960/data=!4m7!3m6!1s0x2dd7f9176bff45d1:0xf5c1aa993cca689a!8m2!3d-7.23793!4d112.7430517!16s%2Fg%2F11hb54_k_2!19sChIJ0UX_axf51y0RmmjKPJmqwfU?authuser=0&hl=id&rclk=1
de Soematra,"Jl. Sumatera No.75, Gubeng, Kec. Gubeng, Surabaya, Jawa Timur 60281",(031) 5010666,"4,7","Sebenarnya suka dg tempatnya ,, buat foto2 bagus .. makanan yg di sajikan juga enak , ( saya pesan set menu ) 4 agt ‘25 lalu saya lunch bday , saya pesan dekor tapi sempat tidak boleh di …",https://www.google.com/maps/place/de+Soematra/data=!4m7!3m6!1s0x2dd7fbd97d105b21:0xf5bb90ede92d68bb!8m2!3d-7.2715355!4d112.7473151!16s%2Fg%2F1q5cccjym!19sChIJIVsQfdn71y0Ru2gt6e2Qu_U?authuser=0&hl=id&rclk=1
Gubug Makan Mang Engking Gubeng Surabaya,"Jl. Gubeng Masjid, Pacar Keling, Kec. Tambaksari, Surabaya, Jawa Timur",(031) 99453722,"4,4",Tidak ada ulasan teks,https://www.google.com/maps/place/Gubug+Makan+Mang+Engking+Gubeng+Surabaya/data=!4m7!3m6!1s0x2dd7fb27e4e5d3f5:0x1f44be80d59668d1!8m2!3d-7.2671284!4d112.7526298!16s%2Fg%2F11tmdwt8wm!19sChIJ9dPl5Cf71y0R0WiW1YC-RB8?authuser=0&hl=id&rclk=1
Ayam Goreng Jakarta Asli,"Jl. Tidar No.3-1, Sawahan, Kec. Sawahan, Surabaya, Jawa Timur 60251",Tidak diketahui,"4,4",Tidak ada ulasan teks,https://www.google.com/maps/place/Ayam+Goreng+Jakarta+Asli/data=!4m7!3m6!1s0x2dd7f91f0f3856c7:0x25d2f57d5a444c84!8m2!3d-7.2582627!4d112.7325298!16s%2Fg%2F11kyc92swn!19sChIJx1Y4Dx_51y0RhExEWn310iU?authuser=0&hl=id&rclk=1
Sate Kelopo Tiara,"Jl. Pacar Kembang No.21, Pacar Kembang, Kec. Tambaksari, Surabaya, Jawa Timur 60132",0878-6622-6600,"4,6","Sate Kelopo versi warga lokal. Rasa enak dan tidak kalah dengan sate klopo yang sudah terkenal. Cuma ada satu jenis sate : daging sapi selap lemak/gajih. Harga cukup terjangkau, bila mode hemat pesan 5tusuk sate + nasi sudah cukup kenyang, …",https://www.google.com/maps/place/Sate+Kelopo+Tiara/data=!4m7!3m6!1s0x2dd7f97929c416ad:0xf4e35992c767d559!8m2!3d-7.2605199!4d112.7598766!16s%2Fg%2F11bwkdqtly!19sChIJrRbEKXn51y0RWdVnx5JZ4_Q?authuser=0&hl=id&rclk=1
Bebek Sinjay - Kaza Mall,"Kaza City- Foodcourt, Jl. Kapas Krampung B No.45 No.5, Tambakrejo, Kec. Simokerto, Surabaya, Jawa Timur 60133",Tidak diketahui,"4,3",Untuk makanannya 3/10 Karna  penyajiannya semua dingin kayak di goreng kemaren sore Pelayanannya 1/10 …,https://www.google.com/maps/place/Bebek+Sinjay+-+Kaza+Mall/data=!4m7!3m6!1s0x2dd7f974f3694abd:0x4f2814618f8b703d!8m2!3d-7.2479823!4d112.7582917!16s%2Fg%2F11b6ty_rvh!19sChIJvUpp83T51y0RPXCLj2EUKE8?authuser=0&hl=id&rclk=1
Depot Bu Rudy - Dharmahusada,"Jl. Dharmahusada No.144, Mojo, Kec. Gubeng, Surabaya, Jawa Timur 60285",0812-4428-4424,"4,5",Tidak ada ulasan teks,https://www.google.com/maps/place/Depot+Bu+Rudy+-+Dharmahusada/data=!4m7!3m6!1s0x2dd7f9fdfa4dc9cd:0x73513935dae2989e!8m2!3d-7.2674503!4d112.7700431!16s%2Fg%2F1hd_3mf8w!19sChIJzclN-v351y0Rnpji2jU5UXM?authuser=0&hl=id&rclk=1
Apeng Kwetiau Medan,"Jl. Kedung Doro No.267, Wonorejo, Kec. Tegalsari, Surabaya, Jawa Timur 60251",(031) 5345778,"4,6","Kwetiau Legendaris yang sudah lama ada di Surabaya.  Food : Rasa kwetiau nya enak, wangi wok, dan isi nya banyak. Untuk kwetiau babi …",https://www.google.com/maps/place/Apeng+Kwetiau+Medan/data=!4m7!3m6!1s0x2dd7fb94d6e5e18d:0x5014df8369ab113c!8m2!3d-7.2683706!4d112.7293854!16s%2Fg%2F1hc1l7j18!19sChIJjeHl1pT71y0RPBGraYPfFFA?authuser=0&hl=id&rclk=1
Magnolia Restaurant At Westin Surabaya,"Westin Surabaya, Jalan Puncak Indah Jl. Raya Lontar No.2, Surabaya, Jawa Timur 60216",(031) 29710000,"4,5",Salah satu buffet hotel yang paling famous di Surabaya. Kualitasnya baik dan bagus. Lokasi di lantai L nya Westin Pakuwon Mall. Masuk dari samping Pull & Bear. …,https://www.google.com/maps/place/Magnolia+Restaurant+At+Westin+Surabaya/data=!4m7!3m6!1s0x2dd7fdde0a5f0723:0x19bfe1288733e697!8m2!3d-7.2901625!4d112.6751242!16s%2Fg%2F11qqf9vnt1!19sChIJIwdfCt791y0Rl-Yzhyjhvxk?authuser=0&hl=id&rclk=1
Yoshinoya - Plaza Surabaya,"Plaza Surabaya, Jl. Pemuda No.33-37, Embong Kaliasin, Kec. Genteng, Surabaya, Jawa Timur 60271",(021) 1500566,"4,4",Tidak ada ulasan teks,https://www.google.com/maps/place/Yoshinoya+-+Plaza+Surabaya/data=!4m7!3m6!1s0x2dd7f96301f7cfa1:0x231543a7f81395b5!8m2!3d-7.2648758!4d112.7486114!16s%2Fg%2F11b6q55jz9!19sChIJoc_3AWP51y0RtZUT-KdDFSM?authuser=0&hl=id&rclk=1
Pizza Hut Restoran - Basuki Rahmat Surabaya,"Jl. Jenderal Basuki Rachmat No.25-31, Embong Kaliasin, Kec. Genteng, Surabaya, Jawa Timur 60271",1 500 600,"4,7",Tidak ada ulasan teks,https://www.google.com/maps/place/Pizza+Hut+Restoran+-+Basuki+Rahmat+Surabaya/data=!4m7!3m6!1s0x2dd7fb627d8726d1:0x750286490adc8788!8m2!3d-7.2644529!4d112.7424851!16s%2Fg%2F11gvxbjsqr!19sChIJ0SaHfWL71y0RiIfcCkmGAnU?authuser=0&hl=id&rclk=1
Nagano Japanese Restaurant,"Jl. Mayjen HR. Muhammad No.31, Putat Gede, Kec. Sukomanunggal, Surabaya, Jawa Timur 60189",(031) 7301888,"5,0",Vasa Hotel Surabaya - Nagano Restaurant - AYCE Yakiniku (3 jam) - +/- Rp600.000/pax …,https://www.google.com/maps/place/Nagano+Japanese+Restaurant/data=!4m7!3m6!1s0x2dd7fda3987dff3b:0x3c6d6d22d372fa78!8m2!3d-7.2862214!4d112.6992139!16s%2Fg%2F11kq3nx3lf!19sChIJO_99mKP91y0RePpy0yJtbTw?authuser=0&hl=id&rclk=1
Hanamasa - Gubeng Pojok,"Jl. Gubeng Pojok No.31 010, RT.010/RW.07, Ketabang, Kec. Genteng, Surabaya, Jawa Timur 60272",(031) 5340446,"4,6","Harga per orang 233.500 belum pajak 10%, ada Promo Paket 4 orang bisa free 1 orang lagi, All you can eat yang nyaman ya karena waktu tidak dibatasi, hanya saja memang pilihan lauk dan makanannya standar saja",https://www.google.com/maps/place/Hanamasa+-+Gubeng+Pojok/data=!4m7!3m6!1s0x2dd7fbd9bc33de5b:0xb451f4017cc04153!8m2!3d-7.2658483!4d112.7514572!16s%2Fg%2F1tjwl1bf!19sChIJW94zvNn71y0RU0HAfAH0UbQ?authuser=0&hl=id&rclk=1
Sentra Wisata Kuliner Urip Sumoharjo,"Jl. Urip Sumoharjo No.46-48, RT.001/RW.14, Embong Kaliasin, Kec. Genteng, Surabaya, Jawa Timur 60271",0813-3091-0202,"4,1","Tidak lagi makan di tempat ini, khususnya DEPOT RAITA. 1. Saya pesan rawon, yang dikasih soto. Sebenarnya gpp kalau dia bilang kalau rawonnya tidak ada, tapi dia tanpa komunikasi langsung menyajikan soto tersebut …",https://www.google.com/maps/place/Sentra+Wisata+Kuliner+Urip+Sumoharjo/data=!4m7!3m6!1s0x2dd7fbdd1cc165e9:0xdd353d00a826c0e8!8m2!3d-7.2747433!4d112.7415447!16s%2Fg%2F11bvt1ndfb!19sChIJ6WXBHN371y0R6MAmqAA9Nd0?authuser=0&hl=id&rclk=1
Botanika - Kertajaya Indah,"Jl. Raya Kertajaya Indah Blok F-303 No.33, Manyar Sabrangan, Kec. Mulyorejo, Surabaya, Jawa Timur 60116",(031) 5954800,"4,6","Masakannya enak, walau harganya pricey. Pelayanan ramah banget mbak2 n mas2nya 🥰. Dekorasinya sudah menunjukkan suasana natal, teduh banget. …",https://www.google.com/maps/place/Botanika+-+Kertajaya+Indah/data=!4m7!3m6!1s0x2dd7fa3a005a3f37:0xa8d07d36e28a1151!8m2!3d-7.2801373!4d112.7749205!16s%2Fg%2F11d_bsnb1_!19sChIJNz9aADr61y0RURGK4jZ90Kg?authuser=0&hl=id&rclk=1
Bebek Sinjay - Ahmad Yani,"Ruko Grand Ahmad Yani Blok 151H, Jl. Ahmad Yani, Jemur Wonosari, Kec. Wonocolo, Surabaya, Jawa Timur 60237",0853-3409-3333,"4,4",Tidak ada ulasan teks,https://www.google.com/maps/place/Bebek+Sinjay+-+Ahmad+Yani/data=!4m7!3m6!1s0x2dd7fb420b99e4ab:0x637dfa5d00c79d21!8m2!3d-7.3280587!4d112.732034!16s%2Fg%2F11b6lgw2js!19sChIJq-SZC0L71y0RIZ3HAF36fWM?authuser=0&hl=id&rclk=1
Rawon Pak Pangat Wonokromo,"Lotus Regency, Jl. Ketintang Baru Sel. I No.15, Ketintang, Kec. Gayungan, Surabaya, Jawa Timur 60235",0896-8739-1222,"4,5",Tidak ada ulasan teks,https://www.google.com/maps/place/Rawon+Pak+Pangat+Wonokromo/data=!4m7!3m6!1s0x2dd7fb6646d42f51:0x402f071492005ab4!8m2!3d-7.3247411!4d112.7254407!16s%2Fg%2F1hm36f846!19sChIJUS_URmb71y0RtFoAkhQHL0A?authuser=0&hl=id&rclk=1
Rawon Setan - Embong Malang,"No.78/I, Jl. Embong Malang, Genteng, Kec. Genteng, Surabaya, Jawa Timur 60261",0812-1666-1911,"4,2",Tidak ada ulasan teks,https://www.google.com/maps/place/Rawon+Setan+-+Embong+Malang/data=!4m7!3m6!1s0x2dd7f9675f5ab153:0xd7718efb5cb01015!8m2!3d-7.2592003!4d112.7351774!16s%2Fg%2F1hm1z3ll5!19sChIJU7FaX2f51y0RFRCwXPuOcdc?authuser=0&hl=id&rclk=1
Sego Sambel Mak Yeye,"Jl. Jagir Wonokromo Wetan No.10, Jagir, Kec. Wonokromo, Surabaya, Jawa Timur 60244",Tidak diketahui,"4,3","Makanan tradisional dan sederhana. Lauknya juga simple, hanya ada telur dadar, tempe goreng, dan pe (ikan pari asap) dicampur dengan sambal. …",https://www.google.com/maps/place/Sego+Sambel+Mak+Yeye/data=!4m7!3m6!1s0x2dd7fb98a0bb520d:0x1aabc304682113bc!8m2!3d-7.3013703!4d112.7380496!16s%2Fg%2F11bytv2579!19sChIJDVK7oJj71y0RvBMhaATDqxo?authuser=0&hl=id&rclk=1
Kafe Bromo,"Sheraton Surabaya Hotel & Towers, Jl. Embong Malang No.25-31, Kedungdoro, Kec. Tegalsari, Surabaya, Jawa Timur 60261",(031) 5468000,"4,5",Tidak ada ulasan teks,https://www.google.com/maps/place/Kafe+Bromo/data=!4m7!3m6!1s0x2dd7f95de34fc8fd:0x839ba953e7c613c0!8m2!3d-7.262976!4d112.7380948!16s%2Fg%2F11cfbkq9t!19sChIJ_chP41351y0RwBPG51Opm4M?authuser=0&hl=id&rclk=1
Kedai Kaladulu,"Jl. Raya Dharma Husada Indah No.D-16, Mulyorejo, Kec. Mulyorejo, Surabaya, Jawa Timur 60115",0821-2854-1486,"4,7","Nasi gorengnya spt bukan fresh made by order, datang dg kondisi tidak panas/tidak hangat, ayam suwir alot, nasi peret, dan yg paling penting nasigoreng nya beda sama yg ada di foto buku menu. Dadar jagung dimakan rasa pisang goreng, …",https://www.google.com/maps/place/Kedai+Kaladulu/data=!4m7!3m6!1s0x2dd7fbb370b5a8cd:0x85ff538dd896c91e!8m2!3d-7.2765656!4d112.7729398!16s%2Fg%2F11wp_p75dw!19sChIJzai1cLP71y0RHsmW2I1T_4U?authuser=0&hl=id&rclk=1
Ikan Bakar Cianjur - Manyar,"Jl. Manyar Kertoarjo V No.44-48, Mojo, Kec. Gubeng, Surabaya, Jawa Timur 60285",0811-3075-1647,"4,6",Tidak ada ulasan teks,https://www.google.com/maps/place/Ikan+Bakar+Cianjur+-+Manyar/data=!4m7!3m6!1s0x2dd7fa3258eff333:0x170f356ec786e37b!8m2!3d-7.2783151!4d112.7655563!16s%2Fg%2F1tdv8snn!19sChIJM_PvWDL61y0Re-OGx241Dxc?authuser=0&hl=id&rclk=1
IKAN BAKAR BOSS - Ngaglik,"Jl. Ngaglik No.23, Kapasari, Kec. Genteng, Surabaya, Jawa Timur 60273",0859-4364-4164,"4,6",Tidak ada ulasan teks,https://www.google.com/maps/place/IKAN+BAKAR+BOSS+-+Ngaglik/data=!4m7!3m6!1s0x2dd7f951e24cdf6b:0x8150814eed8d118e!8m2!3d-7.2488027!4d112.7522846!16s%2Fg%2F11w93_p87w!19sChIJa99M4lH51y0RjhGN7U6BUIE?authuser=0&hl=id&rclk=1
Rumah Makan Handayani,"Jl. Raya Prapen No.35, Prapen, Kec. Tenggilis Mejoyo, Surabaya, Jawa Timur 60299",(031) 8411439,"4,2","Pelayanan sigap cepet dan ramah, sabar nunggu kami pilih² makanan, suasana pas kita makan sedang hujan, tapi tetep bersih dam duduk kami aman dari cucuran hujan",https://www.google.com/maps/place/Rumah+Makan+Handayani/data=!4m7!3m6!1s0x2dd7fb0463db3855:0xf278576ae90ad61e!8m2!3d-7.314033!4d112.756009!16s%2Fg%2F1tf138vp!19sChIJVTjbYwT71y0RHtYK6WpXePI?authuser=0&hl=id&rclk=1
Nona Manis,"Jl. Basuki Rahmat No.8-12, Kedungdoro, Kec. Tegalsari, Surabaya, Jawa Timur 60261",(031) 99244200,"4,4","resto Indonesia terbaik di Tunjungan plaza. secara tempat bagus dan memberi kesan nyaman. ""pelayanan dan makanan nya bagaimana?"" tidak usah ditanya lagi. kalau makanan jelas rasanya auttentik Indonesia yang rempahnya berasa pas dilidah. …",https://www.google.com/maps/place/Nona+Manis/data=!4m7!3m6!1s0x2dd7f95de33bd241:0xb5c025b19a337f9f!8m2!3d-7.2620172!4d112.7385198!16s%2Fg%2F11bx5pfnky!19sChIJQdI741351y0Rn38zmrElwLU?authuser=0&hl=id&rclk=1
Suteki - Grand City Mall Surabaya,"Grand City Lantai 4 No. 44, surabaya, Ketabang, Kec. Genteng, Surabaya, Jawa Timur 60272",0823-3550-9159,"4,9",Tidak ada ulasan teks,https://www.google.com/maps/place/Suteki+-+Grand+City+Mall+Surabaya/data=!4m7!3m6!1s0x2dd7f964a9d67afd:0xa67ab295bc478c9e!8m2!3d-7.2611131!4d112.7500902!16s%2Fg%2F11h0qfq8z!19sChIJ_XrWqWT51y0RnoxHvJWyeqY?authuser=0&hl=id&rclk=1
"Bebek Goreng Purnama ""Asli""","Jl. Dinoyo, Keputran, Kec. Tegalsari, Surabaya, Jawa Timur 60265",Tidak diketahui,"4,4","Kesukaan Mimin setiap kali makan Bebek & Ayam Goreng ya selalu di Purnama Asli ini. Sambel e bikin auto nagih. Bebek & Ayam e Besar2, Daging e tebel. Gurih rasanya enak, wes Mimin jamin bakal ketagihan pokok'e. awas hati hati ketagihan lho.. REKOMENDED POL.. pelayanan sangat baik dan ramah...",https://www.google.com/maps/place/Bebek+Goreng+Purnama+%22Asli%22/data=!4m7!3m6!1s0x2dd7fbc3134f6d9b:0x6d12f0d35cb328bc!8m2!3d-7.2786158!4d112.7433738!16s%2Fg%2F11cst07kpb!19sChIJm21PE8P71y0RvCizXNPwEm0?authuser=0&hl=id&rclk=1
Hong Tang Healthy Dessert Grand City Surabaya,"Grand City Mall, Jl. Walikota Mustajab No.1 Lt. 4. 25, Ketabang, Kec. Genteng, Surabaya, Jawa Timur 60272",0877-8166-0213,"4,9",Tidak ada ulasan teks,https://www.google.com/maps/place/Hong+Tang+Healthy+Dessert+Grand+City+Surabaya/data=!4m7!3m6!1s0x2dd7f95165728a6b:0x240be8a0ba4d3ce0!8m2!3d-7.2619163!4d112.75063!16s%2Fg%2F11x2j0g4w1!19sChIJa4pyZVH51y0R4DxNuqDoCyQ?authuser=0&hl=id&rclk=1
Ayam Goreng President,"Jl. Tidar No.22, Sawahan, Kec. Sawahan, Surabaya, Jawa Timur 60251",0878-5320-0888,"4,3",Awalnya sih maunya makan di ayam goreng jakarta asli tp krn ga dpt parkir akhirnya melipirlah kesini mumpung udah lama jg ga makan ayam goreng ini. Dulu sering beli disini (suruh sopir beli take away). …,https://www.google.com/maps/place/Ayam+Goreng+President/data=!4m7!3m6!1s0x2dd7f95b4f5c5a47:0xb26ee3ffe949585f!8m2!3d-7.2578621!4d112.7321708!16s%2Fg%2F1hm34f5b9!19sChIJR1pcT1v51y0RX1hJ6f_jbrI?authuser=0&hl=id&rclk=1
Restaurant Kapin,"Jl. Ps. Besar Wetan No.55 B, Alun-alun Contong, Kec. Bubutan, Surabaya, Jawa Timur 60174",(031) 5451072,"4,4",Tidak ada ulasan teks,https://www.google.com/maps/place/Restaurant+Kapin/data=!4m7!3m6!1s0x2dd7f96aaf62bb37:0x483b599acb8f19af!8m2!3d-7.2476091!4d112.7397238!16s%2Fg%2F11r8_0jbc!19sChIJN7tir2r51y0RrxmPy5pZO0g?authuser=0&hl=id&rclk=1
Nur Pacific Restaurant Gubeng,"Jl. Raya Gubeng No.37, Gubeng, Kec. Gubeng, Surabaya, Jawa Timur 60281",0812-3006-0099,"4,3",Dinner acara family gathering disini. Makanan beragam tp rasa B aja ( maaf yaa 🤭🙏) Bisa ditingkatkan kedepan nya . …,https://www.google.com/maps/place/Nur+Pacific+Restaurant+Gubeng/data=!4m7!3m6!1s0x2dd7fbdbb51a2e07:0xc1d347d40fc6ed69!8m2!3d-7.2727093!4d112.7480262!16s%2Fg%2F1tkn52v9!19sChIJBy4atdv71y0Rae3GD9RH08E?authuser=0&hl=id&rclk=1
SAS Cafe N Resto,"Jl. Bhaskara Sawah No.30, Kalisari, Kec. Mulyorejo, Surabaya, Jawa Timur 60112",0811-3555-460,"4,2","Parkiran lumayan besar untuk mobil dan motor. Ada 2 tempat untuk makan. Di pendopo, dan juga dalam gedung lantai 2. Datang untuk buka puasa. Porsi tidak terlalu besar. Rasanya standard, tidak …",https://www.google.com/maps/place/SAS+Cafe+N+Resto/data=!4m7!3m6!1s0x2dd7fa1b34a93411:0x3eb563bd94c331eb!8m2!3d-7.2702897!4d112.7986384!16s%2Fg%2F11g_yml87!19sChIJETSpNBv61y0R6zHDlL1jtT4?authuser=0&hl=id&rclk=1
Ikan Bakar Cianjur - Indragiri,"Jl. Indragiri No.23, Darmo, Kec. Wonokromo, Surabaya, Jawa Timur 60241",0811-3075-1653,"4,6",Tidak ada ulasan teks,https://www.google.com/maps/place/Ikan+Bakar+Cianjur+-+Indragiri/data=!4m7!3m6!1s0x2dd7fb963b8f08f5:0x9f48b6c66e074965!8m2!3d-7.2902233!4d112.7315895!16s%2Fg%2F1tfnqf6n!19sChIJ9QiPO5b71y0RZUkHbsa2SJ8?authuser=0&hl=id&rclk=1
Djaman Doeloe Resto & Bar,"Pakuwon Mall, Jalan Puncak Indah Jl. Raya Lontar No.2, Babatan, Kec. Wiyung, Surabaya, Jawa Timur 60216",(031) 99150000,"4,8",Tidak ada ulasan teks,https://www.google.com/maps/place/Djaman+Doeloe+Resto+%26+Bar/data=!4m7!3m6!1s0x2dd7fd4d7e7f695d:0x95a7ad65a78a1d15!8m2!3d-7.2886365!4d112.6763465!16s%2Fg%2F11fs03x7yx!19sChIJXWl_fk391y0RFR2Kp2Wtp5U?authuser=0&hl=id&rclk=1
Lime Restaurant,"Four Points by Sheraton Surabaya, Tunjungan Plaza, Jl. Embong Malang No.25 -31, Kedungdoro, Kec. Tegalsari, Surabaya, Jawa Timur 60261",0813-3102-5445,"4,7",Tidak ada ulasan teks,https://www.google.com/maps/place/Lime+Restaurant/data=!4m7!3m6!1s0x2dd7f95df6a3a61b:0x35fa5f3ba78cb2f3!8m2!3d-7.2612893!4d112.7388802!16s%2Fg%2F11fxcc1l9y!19sChIJG6aj9l351y0R87KMpztf-jU?authuser=0&hl=id&rclk=1
Depot Anda fit,"Jl. Walikota Mustajab No.74, Ketabang, Kec. Genteng, Surabaya, Jawa Timur 60272",0856-4877-0668,"4,2",Tidak ada ulasan teks,https://www.google.com/maps/place/Depot+Anda+fit/data=!4m7!3m6!1s0x2dd7f9646e0d97b9:0x3f7f790f576492df!8m2!3d-7.2609641!4d112.7469666!16s%2Fg%2F11bwdmccnb!19sChIJuZcNbmT51y0R35JkVw95fz8?authuser=0&hl=id&rclk=1
Warung Kuliner 69,"Mall Bg junction surabaya, Jl. Bubutan, Bubutan, Kec. Bubutan, Surabaya, Jawa Timur 60174",(031) 5357667,"4,0","menu dan pelayanan sangat bagus, apa lagi ada menu untuk karyawan yang sangat membantu dikala gk ada uang. Rekomendasi tempat makan nasi goreng enak diarea Bg Junction Mall",https://www.google.com/maps/place/Warung+Kuliner+69/data=!4m7!3m6!1s0x2dd7f944784ba2ef:0xcab47741cab8a41e!8m2!3d-7.2555622!4d112.7339346!16s%2Fg%2F1pzq0x5xb!19sChIJ76JLeET51y0RHqS4ykF3tMo?authuser=0&hl=id&rclk=1
Lontong Balap Asli Pak Gendut (Pusat),"Jl. Embong Malang No.38, Genteng, Kec. Genteng, Surabaya, Jawa Timur 60275",0815-5116-202,"4,1",Tidak ada ulasan teks,https://www.google.com/maps/place/Lontong+Balap+Asli+Pak+Gendut+%28Pusat%29/data=!4m7!3m6!1s0x2dd7f95d917c4fdf:0x49db77b7799abc54!8m2!3d-7.2598405!4d112.7368492!16s%2Fg%2F11c3yv_b3t!19sChIJ3098kV351y0RVLyaebd320k?authuser=0&hl=id&rclk=1
Steak Hut - Manyar Kertoarjo,"Jl. Manyar Kertoarjo No.80 003, RT.003/RW.06, Manyar Sabrangan, Kec. Mulyorejo, Surabaya, Jawa Timur 60116",(031) 5951888,"4,6",Tidak ada ulasan teks,https://www.google.com/maps/place/Steak+Hut+-+Manyar+Kertoarjo/data=!4m7!3m6!1s0x2dd7fa33fe284d53:0x9a47414476a6b583!8m2!3d-7.2805581!4d112.7688904!16s%2Fg%2F1jkxfg17t!19sChIJU00o_jP61y0Rg7WmdkRBR5o?authuser=0&hl=id&rclk=1
Sansekerta - The Authentic Taste Of Indonesia,"Jl. Walikota Mustajab No.67, Ketabang, Kec. Genteng, Surabaya, Jawa Timur 60272",(031) 99250379,"4,4",Tidak ada ulasan teks,https://www.google.com/maps/place/Sansekerta+-+The+Authentic+Taste+Of+Indonesia/data=!4m7!3m6!1s0x2dd7f964852dc18b:0x25c2a828000aadff!8m2!3d-7.2611209!4d112.7486801!16s%2Fg%2F11f5dz5xms!19sChIJi8EthWT51y0R_60KACiowiU?authuser=0&hl=id&rclk=1
Soto Ambengan Pak Sadi,"Jl. Ambengan No.3A, Ketabang, Kec. Genteng, Surabaya, Jawa Timur 60272",(031) 5323998,"4,6","Ke surabaya yg dicari ttp kulinernya dong Sarapan paling cocok adalah makan soto pak sadi Khas lamongan enak dan rasanya ga berubah sih dr tahun ke tahun, masi dengan …",https://www.google.com/maps/place/Soto+Ambengan+Pak+Sadi/data=!4m7!3m6!1s0x2dd7f96f446fb757:0x273fae11209f7aca!8m2!3d-7.255663!4d112.7450153!16s%2Fg%2F1hdzfvdmf!19sChIJV7dvRG_51y0RynqfIBGuPyc?authuser=0&hl=id&rclk=1
Sego Sambel Ho-Ha GTLC,"Jl. Gubeng Kertajaya VII Raya No.70, Airlangga, Kec. Gubeng, Surabaya, Jawa Timur 60286",0857-3074-7999,"4,4",Tidak ada ulasan teks,https://www.google.com/maps/place/Sego+Sambel+Ho-Ha+GTLC/data=!4m7!3m6!1s0x2dd7fbd15b1c9391:0xfc531c12919d14dd!8m2!3d-7.2745922!4d112.7552301!16s%2Fg%2F1hf35z88v!19sChIJkZMcW9H71y0R3RSdkRIcU_w?authuser=0&hl=id&rclk=1
Dadar Beredar - Surabaya,"Jl. Kusuma Bangsa No.78, Ketabang, Kec. Genteng, Surabaya, Jawa Timur 60272",0823-1146-7679,"4,7",Tidak ada ulasan teks,https://www.google.com/maps/place/Dadar+Beredar+-+Surabaya/data=!4m7!3m6!1s0x2e789f1c71c29e65:0xae15a5954563c555!8m2!3d-7.2565982!4d112.7507833!16s%2Fg%2F11vk5btz1r!19sChIJZZ7CcRyfeC4RVcVjRZWlFa4?authuser=0&hl=id&rclk=1
Sari Laut PAK JI,"Jl. Undaan Kulon No.41, Peneleh, Kec. Genteng, Surabaya, Jawa Timur 60274",0822-5748-9550,"4,5","murah!! sampe kaget pas bayar nya. porsi untuk berdua. ini yg kedua kali makan disini. nasi enak, nda lembek/keras 5k, cukup nda perlu nambah. kerang asam manis porsi berdua 20k, lele 20k isi 2, udang goreng garing enak, sambel nya? banyak. …",https://www.google.com/maps/place/Sari+Laut+PAK+JI/data=!4m7!3m6!1s0x2dd7f9694679f091:0xa174c5a5941b439e!8m2!3d-7.2527047!4d112.7440808!16s%2Fg%2F11c2l3wx5y!19sChIJkfB5Rmn51y0RnkMblKXFdKE?authuser=0&hl=id&rclk=1
Ayam Bakar Primarasa Manyar Kertoarjo,"Jl. Manyar Kertoarjo No.68-70, Manyar Sabrangan, Kec. Mulyorejo, Surabaya, Jawa Timur 60116",(031) 5945578,"4,5",Tidak ada ulasan teks,https://www.google.com/maps/place/Ayam+Bakar+Primarasa+Manyar+Kertoarjo/data=!4m7!3m6!1s0x2dd7fa4655555555:0xbccb0a66ea7dc006!8m2!3d-7.2804076!4d112.7678412!16s%2Fg%2F1trl7w93!19sChIJVVVVVUb61y0RBsB96mYKy7w?authuser=0&hl=id&rclk=1
Arumanis Restaurant,"Bumi Surabaya City Resort, Jl. Jend. Basuki Rakhmat No.106-128, Embong Kaliasin, Kec. Genteng, Surabaya, Jawa Timur 60271",(031) 5326301,"4,7","All you can eat gitu aja ya Karen saya menginap hampir seminggu disini jdi bosannn dan pelayanan tidak memuaskan staff restonya hany pak Komang saja yg ramah ,orang bawa macem2 banyak saja gak dibantuin tpi saya jg males harus minta bantuan …",https://www.google.com/maps/place/Arumanis+Restaurant/data=!4m7!3m6!1s0x2dd7fbde78bbd497:0x855e861ef7d59ea6!8m2!3d-7.2714753!4d112.7406384!16s%2Fg%2F1tg841mt!19sChIJl9S7eN771y0Rpp7V9x6GXoU?authuser=0&hl=id&rclk=1
Wakul BuAS,"masuk area parkiran Stasiun, Pojok UMKM, Stasiun Gubeng Baru, Gubeng Baru, Surabaya, Jawa Timur 60281",0816-1545-6262,"4,4",Makan disini waktu nunggu kereta. Agak jauh jalan ke pusat makanannya. Baru tau kalau ada tempat ini. Padahal udah sering ke Gubeng buat perjalanan antar kota. Kesini makan soto daging ama minum teh anget. Rekomen. Enak makananannya. …,https://www.google.com/maps/place/Wakul+BuAS/data=!4m7!3m6!1s0x2dd7f9545cbf410b:0xeb37fc9c9722537d!8m2!3d-7.264686!4d112.7527402!16s%2Fg%2F11shjtxd7z!19sChIJC0G_XFT51y0RfVMil5z8N-s?authuser=0&hl=id&rclk=1
RM Pringgadani,"Jl. Raya Bandara Juanda No.99, Semawalang, Semambung, Sidoarjo, Kabupaten Sidoarjo, Jawa Timur 61254",0877-2599-2000,"4,3",Tidak ada ulasan teks,https://www.google.com/maps/place/RM+Pringgadani/data=!4m7!3m6!1s0x2dd7e4f21810d4b9:0x66e18f45d886eec4!8m2!3d-7.380912!4d112.750616!16s%2Fg%2F11bxdx8vtm!19sChIJudQQGPLk1y0RxO6G2EWP4WY?authuser=0&hl=id&rclk=1
Ayam Bakar Primarasa,"Jl. Kusuma Bangsa No.3A, Ketabang, Kec. Genteng, Surabaya, Jawa Timur 60272",(031) 5340387,"4,5",Tidak ada ulasan teks,https://www.google.com/maps/place/Ayam+Bakar+Primarasa/data=!4m7!3m6!1s0x2dd7f97b35223aa7:0x431ce026cf122eb4!8m2!3d-7.2600547!4d112.7510125!16s%2Fg%2F1w0r26zx!19sChIJpzoiNXv51y0RtC4SzybgHEM?authuser=0&hl=id&rclk=1
Hensman Coffee & Spirit,"Jalan Doktor Wahidin No.20, DR. Soetomo, Kec. Tegalsari, Surabaya, Jawa Timur 60264",0811-3200-079,"4,9","Resto dan Bar yg enak banget tempat dan menu menu nya, banyak promo yg menarik dan affordable, teman teman crew nya juga baik  baik dan asik banget. Sumpah asik banget disini. …",https://www.google.com/maps/place/Hensman+Coffee+%26+Spirit/data=!4m7!3m6!1s0x2dd7fb0e83fd0d19:0x85c26c6b6d720df6!8m2!3d-7.2813425!4d112.7378692!16s%2Fg%2F11h5m9yt5v!19sChIJGQ39gw771y0R9g1ybWtswoU?authuser=0&hl=id&rclk=1
Coto Makassar Daeng Kulle,"Jl. Achmad Jais No.4, Peneleh, Kec. Genteng, Surabaya, Jawa Timur 60274",(031) 5311594,"4,6",Tidak ada ulasan teks,https://www.google.com/maps/place/Coto+Makassar+Daeng+Kulle/data=!4m7!3m6!1s0x2dd7f968f40a5e21:0x820f8c116669e9a0!8m2!3d-7.255543!4d112.742331!16s%2Fg%2F1w8g3hlr!19sChIJIV4K9Gj51y0RoOlpZhGMD4I?authuser=0&hl=id&rclk=1
Wapo Resto,"Jl. Airlangga No.43, Mojo, Kec. Gubeng, Surabaya, Jawa Timur 60286",(031) 5036446,"4,4",Tidak ada ulasan teks,https://www.google.com/maps/place/Wapo+Resto/data=!4m7!3m6!1s0x2dd7fbd486736e29:0x703f50fba3cdfe7e!8m2!3d-7.2705024!4d112.7602896!16s%2Fg%2F11gzwlgp9!19sChIJKW5zhtT71y0Rfv7No_tQP3A?authuser=0&hl=id&rclk=1
Ayam Goreng Pangeran,"Raya Tenggilis Mejoyo No.122, Kali Rungkut, Kec. Rungkut, Surabaya, Jawa Timur 60292",Tidak diketahui,"4,9",Tidak ada ulasan teks,https://www.google.com/maps/place/Ayam+Goreng+Pangeran/data=!4m7!3m6!1s0x2dd7fbfdd5697057:0xd2d21ee5d465d2e5!8m2!3d-7.3161793!4d112.765164!16s%2Fg%2F11lw8qkhds!19sChIJV3Bp1f371y0R5dJl1OUe0tI?authuser=0&hl=id&rclk=1
Bebek Semangat - Grand City Surabaya,"Grand City, Ketabang, Kec. Genteng, Surabaya, Jawa Timur 60272",0821-3115-1179,"5,0",Tidak ada ulasan teks,https://www.google.com/maps/place/Bebek+Semangat+-+Grand+City+Surabaya/data=!4m7!3m6!1s0x2dd7f9000b092b7b:0xaf2d55993192596a!8m2!3d-7.2615886!4d112.7504172!16s%2Fg%2F11wtp2jzv2!19sChIJeysJCwD51y0RalmSMZlVLa8?authuser=0&hl=id&rclk=1
Sate Kelopo Ondomohen Bu Asih,"Jl. Walikota Mustajab No.36, RT.001/RW.05, Ketabang, Kec. Genteng, Surabaya, Jawa Timur 60272",(031) 5474575,"4,4","Tempatnya masih sama, hawanya panas. Kipas blower kenceng sekali. Rasa sate enak, besar dagingnya dan tidak alot. Harga semakin naik. 1 porsi Rp 45.000,- kalau 1,5 porsi Rp 68.000,- belum termasuk nasi.",https://www.google.com/maps/place/Sate+Kelopo+Ondomohen+Bu+Asih/data=!4m7!3m6!1s0x2dd7f96423a1d5af:0xc7570172dd94b50c!8m2!3d-7.2601075!4d112.7442245!16s%2Fg%2F11b6djmjp3!19sChIJr9WhI2T51y0RDLWU3XIBV8c?authuser=0&hl=id&rclk=1
Bebek Goreng Papin,"Jl. Pecindilan, Kapasari, Kec. Genteng, Surabaya, Jawa Timur 60273",0851-0516-0402,"4,6",Tidak ada ulasan teks,https://www.google.com/maps/place/Bebek+Goreng+Papin/data=!4m7!3m6!1s0x2dd7f96d0610ebcd:0xbb0e320f86f44a04!8m2!3d-7.2482689!4d112.7471493!16s%2Fg%2F1hc79tvl0!19sChIJzesQBm351y0RBEr0hg8yDrs?authuser=0&hl=id&rclk=1
Sontoloyo Gubeng,"Jl. Nias No.60, Gubeng, Kec. Gubeng, Surabaya, Jawa Timur 60281",0823-2080-8881,"4,7","Kesini kedua kali....kok lebih buruk dari yang pertama ya  Kesini ajak keluarga untuk makan malam, karena kedatangan pertama cukup …",https://www.google.com/maps/place/Sontoloyo+Gubeng/data=!4m7!3m6!1s0x2dd7fbc608ed9207:0x4d526c691fe3f055!8m2!3d-7.2727252!4d112.7507038!16s%2Fg%2F11x090w82r!19sChIJB5LtCMb71y0RVfDjH2lsUk0?authuser=0&hl=id&rclk=1
Aiola Eatery - Slamet,"Jl. Slamet No.16, Ketabang, Kec. Genteng, Surabaya, Jawa Timur 60272",Tidak diketahui,"4,5",Tidak ada ulasan teks,https://www.google.com/maps/place/Aiola+Eatery+-+Slamet/data=!4m7!3m6!1s0x2dd7f9652618dd89:0x44d789bb4b69e7bf!8m2!3d-7.258743!4d112.7502734!16s%2Fg%2F11b69vppl0!19sChIJid0YJmX51y0Rv-dpS7uJ10Q?authuser=0&hl=id&rclk=1
Bebek Goreng HT,"Jl. Karang Empat Besar No.24, Ploso, Kec. Tambaksari, Surabaya, Jawa Timur 60133",(031) 3821306,"4,5",Tidak ada ulasan teks,https://www.google.com/maps/place/Bebek+Goreng+HT/data=!4m7!3m6!1s0x2dd7f99bcf65109f:0x62bee7253d1ef6d3!8m2!3d-7.2507781!4d112.7694675!16s%2Fg%2F1hc4h549m!19sChIJnxBlz5v51y0R0_YePSXnvmI?authuser=0&hl=id&rclk=1
Bakmi Jogja Trunojoyo,"Nomor, Jl. Tegalsari No.47, Tegalsari, Kec. Tegalsari, Surabaya, Jawa Timur 60262",(031) 5343859,"4,5",Tidak ada ulasan teks,https://www.google.com/maps/place/Bakmi+Jogja+Trunojoyo/data=!4m7!3m6!1s0x2dd7f95fea82f577:0x47c43b1b9d11749e!8m2!3d-7.2661765!4d112.7376747!16s%2Fg%2F11b6q9bf6j!19sChIJd_WC6l_51y0RnnQRnRs7xEc?authuser=0&hl=id&rclk=1
Depot Bamara,"Jl. Raya Purwodadi No.82, Jepara, Kec. Bubutan, Surabaya, Jawa Timur 60171",(031) 3525313,"4,4","Setelah lebih dr 10 tahun gak kesini, finally kami mengunjungi depot kesukaan almarhum papa saya. Tidak banyak perubahan dr terakhir kali kami kesini hanya tambahan musholla dan …",https://www.google.com/maps/place/Depot+Bamara/data=!4m7!3m6!1s0x2dd7f92e1daf449b:0x17df654cace1de54!8m2!3d-7.2380419!4d112.7222415!16s%2Fg%2F1hc2tc0wz!19sChIJm0SvHS751y0RVN7hrExl3xc?authuser=0&hl=id&rclk=1
Food Legacy,"Jl. Kenjeran Blk. A No.465, RT.004/RW.15, Gading, Kec. Tambaksari, Surabaya, Jawa Timur 60134",0812-3472-88888,"4,8",Tenang Banget Suasanya kalau Sore dan Hari kerja  Bisa Free Mainan Selama 20 Menit 0-5 tahun …,https://www.google.com/maps/place/Food+Legacy/data=!4m7!3m6!1s0x2dd7f9df045e2c6f:0x4482f925bf5b1510!8m2!3d-7.2478838!4d112.7795224!16s%2Fg%2F11fl3yjmym!19sChIJbyxeBN_51y0REBVbvyX5gkQ?authuser=0&hl=id&rclk=1
Boncafe - Pregolan,"Jl. Pregolan No.2, Tegalsari, Kec. Tegalsari, Surabaya, Jawa Timur 60262",(031) 5343018,"4,7","Kesini lagi setelah 6 tahun, karena emang bukan asli orang Surabaya. Waktu itu datang 1.5jam sebelum restonya tutup, dateng berlima, disambut dengan ramah dan menyenangkan sekali. …",https://www.google.com/maps/place/Boncafe+-+Pregolan/data=!4m7!3m6!1s0x2dd7fbdff0da1b6b:0x8445a0ff1627a868!8m2!3d-7.2661868!4d112.7397954!16s%2Fg%2F1tfvw7xk!19sChIJaxva8N_71y0RaKgnFv-gRYQ?authuser=0&hl=id&rclk=1
JALOE RESTO - UG FLOOR BEKIZAAR HOTEL SURABAYA,"Jl. Basuki Rahmat No.15, Embong Kaliasin, Kec. Genteng, Surabaya, Jawa Timur 60271",(031) 5312296,"4,7","Staf hotel sangat ramah dan proaktif membantu tamu. Lokasi yg dekat dg pusat perbelanjaan besar cukup strategis (depan TP persis). Kl malam bisa jalan2 ke jl Tunjungan, ya bener cukup jalan kaki ya gaes kl pingin sehat. …",https://www.google.com/maps/place/JALOE+RESTO+-+UG+FLOOR+BEKIZAAR+HOTEL+SURABAYA/data=!4m7!3m6!1s0x2dd7f960e53d885d:0x51cd82d96ef8896!8m2!3d-7.2637591!4d112.7414073!16s%2Fg%2F11dfjyfmm9!19sChIJXYg95WD51y0Rlojvli3YHAU?authuser=0&hl=id&rclk=1
Soto Ayam Lamongan CAK HAR,"Jl. Dr. Ir. H. Soekarno No.220, Semolowaru, Kec. Sukolilo, Surabaya, Jawa Timur 60117",0812-2682-1851,"4,5","Review: Soto Ayam Cak Har – Cabang MERR Surabaya  Sudah sering banget mampir malam-malam ke sini, tapi baru kali ini sempat buat …",https://www.google.com/maps/place/Soto+Ayam+Lamongan+CAK+HAR/data=!4m7!3m6!1s0x2dd7fa5caf3a40dd:0xaab82c00cb0d97d7!8m2!3d-7.2957171!4d112.7813592!16s%2Fg%2F11b6v0lymf!19sChIJ3UA6r1z61y0R15cNywAsuKo?authuser=0&hl=id&rclk=1
Makan Time's - Next Level,"Jl. Pregolan No.1,3,5, Tegalsari, Kec. Tegalsari, Surabaya, Jawa Timur 60271",Tidak diketahui,"4,6","Makanan enak, harga pas, live music bagus.",https://www.google.com/maps/place/Makan+Time%27s+-+Next+Level/data=!4m7!3m6!1s0x2dd7f90e51ecfcb3:0xe2f29215d318cc7e!8m2!3d-7.2664282!4d112.7403632!16s%2Fg%2F11f9j8j6qr!19sChIJs_zsUQ751y0RfswY0xWS8uI?authuser=0&hl=id&rclk=1
Warung Kongde Mbak May,"PPXP+FHX, Jl. Bubutan II, Alun-alun Contong, Kec. Bubutan, Surabaya, Jawa Timur 60174",0857-5545-4102,"4,6",Tidak ada ulasan teks,https://www.google.com/maps/place/Warung+Kongde+Mbak+May/data=!4m7!3m6!1s0x2dd7f9419bed8f2d:0x22366c9d09ffdbec!8m2!3d-7.2512658!4d112.7364891!16s%2Fg%2F11c2l9mmzf!19sChIJLY_tm0H51y0R7Nv_CZ1sNiI?authuser=0&hl=id&rclk=1
Kahyangan Resto,"Jl. Puri Widya Kencana LL, RW.05, Lidah Kulon, Kec. Lakarsantri, Surabaya, Jawa Timur 60213",(031) 7411999,"4,7",Tempatnya nyaman. Banyak pilihan tempat duduk indoor dan outdoor. Pelayanan ramah dan cepat. …,https://www.google.com/maps/place/Kahyangan+Resto/data=!4m7!3m6!1s0x2dd7fdb810b4e1d3:0x656c90b84eb5f01f!8m2!3d-7.2926497!4d112.6545787!16s%2Fg%2F1hhnf_gmx!19sChIJ0-G0ELj91y0RH_C1TriQbGU?authuser=0&hl=id&rclk=1
Bodaeng Thai - Embong Kenongo,"Jl. Embong Kenongo No.62, Embong Kaliasin, Kec. Genteng, Surabaya, Jawa Timur 60271",(031) 5483565,"4,6",Tidak ada ulasan teks,https://www.google.com/maps/place/Bodaeng+Thai+-+Embong+Kenongo/data=!4m7!3m6!1s0x2dd7fbd870cf3795:0xfc215bcdb6ad29a5!8m2!3d-7.2669968!4d112.7488044!16s%2Fg%2F12ml2mwr8!19sChIJlTfPcNj71y0RpSmtts1bIfw?authuser=0&hl=id&rclk=1
Coto Daeng Surabaya,"Jl. Genteng Kali No.39, Genteng, Kec. Genteng, Surabaya, Jawa Timur 60275",0813-3265-5566,"4,5",Tidak ada ulasan teks,https://www.google.com/maps/place/Coto+Daeng+Surabaya/data=!4m7!3m6!1s0x2dd7f96618c33cf3:0xb4e68924cc2d5e2c!8m2!3d-7.256781!4d112.7431299!16s%2Fg%2F11bxg9l8bg!19sChIJ8zzDGGb51y0RLF4tzCSJ5rQ?authuser=0&hl=id&rclk=1
Warung NOW,"Jl. Jimerto Blok II No.12, Ketabang, Kec. Genteng, Surabaya, Jawa Timur 60272",0811-360-630,"4,8",Tidak ada ulasan teks,https://www.google.com/maps/place/Warung+NOW/data=!4m7!3m6!1s0x2dd7f9650fb0f459:0x8ac0313d2d88db48!8m2!3d-7.2583138!4d112.7486017!16s%2Fg%2F11g9jgv5_x!19sChIJWfSwD2X51y0RSNuILT0xwIo?authuser=0&hl=id&rclk=1
Alltime Buns - Tunjungan,"Jl. Tunjungan No.30, Genteng, Kec. Genteng, Surabaya, Jawa Timur 60275",0821-8888-9262,"4,7",Tidak ada ulasan teks,https://www.google.com/maps/place/Alltime+Buns+-+Tunjungan/data=!4m7!3m6!1s0x2dd7f9f9328ee46f:0x91b94ddb5165338d!8m2!3d-7.2576854!4d112.7377899!16s%2Fg%2F11szdt63mw!19sChIJb-SOMvn51y0RjTNlUdtNuZE?authuser=0&hl=id&rclk=1
Penyetan Cok - Grand City Mall,"Jl. Kusuma Bangsa No.41, Ketabang, Kec. Genteng, Surabaya, Jawa Timur 60272",0831-1918-2342,"4,8",Tidak ada ulasan teks,https://www.google.com/maps/place/Penyetan+Cok+-+Grand+City+Mall/data=!4m7!3m6!1s0x2dd7f9c9cd9fa19b:0x753fd8567cb8d89c!8m2!3d-7.2615853!4d112.7506078!16s%2Fg%2F11h7s16dxc!19sChIJm6Gfzcn51y0RnNi4fFbYP3U?authuser=0&hl=id&rclk=1
Tang Palace Authentic,"JW Marriott, Jl. Embong Malang No.85 - 89, Kedungdoro, Kec. Tegalsari, Surabaya, Jawa Timur 60261",(031) 545888,"4,8","Chinese resto ini berlokasi di dalam Hotel JW Marriott Surabaya. Cocok untuk keluarga, meeting bisnis atau untuk merayakan special occassion …",https://www.google.com/maps/place/Tang+Palace+Authentic/data=!4m7!3m6!1s0x2dd7f95cf03853e1:0x6619175e17fa79ab!8m2!3d-7.2597421!4d112.7346725!16s%2Fg%2F11b6dgs6qx!19sChIJ4VM48Fz51y0Rq3n6F14XGWY?authuser=0&hl=id&rclk=1
Mie Mapan Plaza Surabaya,"Plaza Surabaya, Plaza Surabaya Lt.1, Rest. C No. 1, Jalan Pemuda, Embong Kaliasin, Kec. Genteng, Surabaya, Jawa Timur 60271",0812-1639-5858,"4,8",Tidak ada ulasan teks,https://www.google.com/maps/place/Mie+Mapan+Plaza+Surabaya/data=!4m7!3m6!1s0x2dd7f962f0f42f3b:0x1c99ddfc0415b357!8m2!3d-7.2648177!4d112.7485308!16s%2Fg%2F11f372tmmr!19sChIJOy_08GL51y0RV7MVBPzdmRw?authuser=0&hl=id&rclk=1
KEBON KOTA TROPICAL GARDEN RESTAURANT & HALL,"Jl. Raya Menganti No.112, Jajar Tunggal, Kec. Wiyung, Surabaya, Jawa Timur 60229",0812-3330-8808,"4,3",Tidak ada ulasan teks,https://www.google.com/maps/place/KEBON+KOTA+TROPICAL+GARDEN+RESTAURANT+%26+HALL/data=!4m7!3m6!1s0x2dd7feb5c0be9709:0x82bc9a88a308143c!8m2!3d-7.3126739!4d112.7048741!16s%2Fg%2F1hm3k2g3r!19sChIJCZe-wLX-1y0RPBQIo4iavII?authuser=0&hl=id&rclk=1
Bebek Semangat - Plaza Surabaya,"Plaza Surabaya, Embong Kaliasin, Kec. Genteng, Surabaya, Jawa Timur 60271",0857-0849-0633,"5,0",Tidak ada ulasan teks,https://www.google.com/maps/place/Bebek+Semangat+-+Plaza+Surabaya/data=!4m7!3m6!1s0x2dd7f9003f1f6dcd:0xee8b6bc719203045!8m2!3d-7.2648774!4d112.7485448!16s%2Fg%2F11wtp2k68n!19sChIJzW0fPwD51y0RRTAgGcdri-4?authuser=0&hl=id&rclk=1
Ayam Goreng Djakarta,"Jl. Kusuma Bangsa No.40, Ketabang, Kec. Genteng, Surabaya, Jawa Timur 60272",0822-3646-3737,"4,4",Tidak ada ulasan teks,https://www.google.com/maps/place/Ayam+Goreng+Djakarta/data=!4m7!3m6!1s0x2dd7f97ad47acb37:0xed67a5f4ff6e4701!8m2!3d-7.2586579!4d112.7512544!16s%2Fg%2F1pzps85vk!19sChIJN8t61Hr51y0RAUdu__SlZ-0?authuser=0&hl=id&rclk=1
Nasi Pecel Ambulance Bu Hana,"Jl. Kranggan No.16, Sawahan, Kec. Sawahan, Surabaya, Jawa Timur 60251",0823-3296-4480,"4,5",Tidak ada ulasan teks,https://www.google.com/maps/place/Nasi+Pecel+Ambulance+Bu+Hana/data=!4m7!3m6!1s0x2dd7f9d2d7cd895d:0xa0c80699f42b2a12!8m2!3d-7.255563!4d112.73269!16s%2Fg%2F11f61wfwgk!19sChIJXYnN19L51y0REior9JkGyKA?authuser=0&hl=id&rclk=1
"Tahu Telor ""Pak Jayen""","Jl. Dharmahusada No.112, Mojo, Kec. Gubeng, Surabaya, Jawa Timur 60115",Tidak diketahui,"4,5",Tidak ada ulasan teks,https://www.google.com/maps/place/Tahu+Telor+%22Pak+Jayen%22/data=!4m7!3m6!1s0x2dd7fa26a4e4a3bb:0x38c78b93767f0438!8m2!3d-7.2667807!4d112.7680509!16s%2Fg%2F1pzwmdg52!19sChIJu6PkpCb61y0ROAR_dpOLxzg?authuser=0&hl=id&rclk=1
Imari Japanese Restaurant at JW Marriott Surabaya,"JW Marriott Hotel, Jl. Embong Malang No.85-89, Kedungdoro, Kec. Tegalsari, Surabaya, Jawa Timur 60261",(031) 545888,"4,6",tujuan makan di hotel bintang 5 seharusnya mendapatkan:  1. food and beverage yang luar biasa …,https://www.google.com/maps/place/Imari+Japanese+Restaurant+at+JW+Marriott+Surabaya/data=!4m7!3m6!1s0x2dd7f95cf3c44ec7:0xb9d003f8e5afe15d!8m2!3d-7.259647!4d112.734734!16s%2Fg%2F11cfhh5c7!19sChIJx07E81z51y0RXeGv5fgD0Lk?authuser=0&hl=id&rclk=1
Restaurant Gaoji Chuan Shao,"Ruko Graha Plaza Famili No. B31, Pradahkalikendal, Kec. Dukuhpakis, Surabaya, Jawa Timur 60226",0857-8455-7001,"4,4","Sayang sekali Guo Bao Rou nya terlalu bertepung. Mala Beef Hot Pot nya sih cukup enak. Porsi cukup banyak, bisa buat sekitar 4 orang (cewek?). Nasinya juga buanyak.. bisa 1 buat berdua kalo yg gak makan nasi banyak. Teh tawar + Es, FREE!!",https://www.google.com/maps/place/Restaurant+Gaoji+Chuan+Shao/data=!4m7!3m6!1s0x2dd7fc484d7839ad:0x616adf3d9f5471e7!8m2!3d-7.2923825!4d112.6766567!16s%2Fg%2F11ggr0c08b!19sChIJrTl4TUj81y0R53FUnz3famE?authuser=0&hl=id&rclk=1
Kopitiam Shantui,"Jl. Embong Kemiri No.20, Embong Kaliasin, Kec. Genteng, Surabaya, Jawa Timur 60217",Tidak diketahui,"4,8",Tidak ada ulasan teks,https://www.google.com/maps/place/Kopitiam+Shantui/data=!4m7!3m6!1s0x2dd7fbaae49a5d2f:0xa314a9a72e7a582e!8m2!3d-7.2697288!4d112.7456916!16s%2Fg%2F11vzw4pdnb!19sChIJL12a5Kr71y0RLlh6LqepFKM?authuser=0&hl=id&rclk=1
Suteki Sushi - Plaza Surabaya,"Plaza Surabaya, Jl. Pemuda Sebelah Musholla No.34162 Lantai 4, Embong Kaliasin, Kec. Genteng, Surabaya, Jawa Timur 60271",0857-6606-1629,"4,9","Pelayanannya Baik sangat ramah sekali, promonya banyak Sushinya enak2 Pokoknya di jamin puas makan sushi di suteki 😘 …",https://www.google.com/maps/place/Suteki+Sushi+-+Plaza+Surabaya/data=!4m7!3m6!1s0x2dd7f900510f89f9:0x9ba5546d3cecb937!8m2!3d-7.2646188!4d112.7488735!16s%2Fg%2F11xvlq3yry!19sChIJ-YkPUQD51y0RN7nsPG1UpZs?authuser=0&hl=id&rclk=1
Depot Ampel - Walikota Mustajab,"Jl. Walikota Mustajab No.33B, Ketabang, Kec. Genteng, Surabaya, Jawa Timur 60272",(031) 5466462,"4,5",Tidak ada ulasan teks,https://www.google.com/maps/place/Depot+Ampel+-+Walikota+Mustajab/data=!4m7!3m6!1s0x2dd7f9669dd3c591:0x616bcf6a4c9ce9a6!8m2!3d-7.2600771!4d112.7449758!16s%2Fg%2F1hm5q15bm!19sChIJkcXTnWb51y0RpumcTGrPa2E?authuser=0&hl=id&rclk=1
Kepiting Cak Gundul 1992,"Jl. Raya Kupang Indah No.45 C, Sonokwijenan, Kec. Sukomanunggal, Surabaya, Jawa Timur 60225",(031) 7327554,"4,4",Tidak ada ulasan teks,https://www.google.com/maps/place/Kepiting+Cak+Gundul+1992/data=!4m7!3m6!1s0x2dd7fc05f3af1693:0xbcfb91ff145d29b2!8m2!3d-7.2783067!4d112.7078103!16s%2Fg%2F1hm58bbdk!19sChIJkxav8wX81y0RsildFP-R-7w?authuser=0&hl=id&rclk=1
Makan Kitchen Surabaya,"Jl. Tunjungan No.12, Genteng, Kec. Genteng, Surabaya, Jawa Timur 60275",0811-3200-5300,"4,7",Tidak ada ulasan teks,https://www.google.com/maps/place/Makan+Kitchen+Surabaya/data=!4m7!3m6!1s0x2dd7f90ad1df2373:0x25deb57115e7d4f6!8m2!3d-7.2569375!4d112.7365341!16s%2Fg%2F11n0rt2d9n!19sChIJcyPf0Qr51y0R9tTnFXG13iU?authuser=0&hl=id&rclk=1
Warung Djuragan,"Jl. Gubeng Pojok, Ketabang, Kec. Genteng, Surabaya, Jawa Timur 60272",Tidak diketahui,"4,2","semuanya sempurna, kecuali kerupuknya kayak dah kadaluwarsa.. gak terlalu renyah dan ada bau apeknya.. dan andaikata telur setengah matengnya ditambah garam/lada sedikit biar gak …",https://www.google.com/maps/place/Warung+Djuragan/data=!4m7!3m6!1s0x2dd7f96028404181:0x1f51c6b0fa36cbdb!8m2!3d-7.2639953!4d112.7517225!16s%2Fg%2F11jszswg7h!19sChIJgUFAKGD51y0R28s2-rDGUR8?authuser=0&hl=id&rclk=1
"Spesial Soto Boyolali (SSB) Hj. Hesti Widodo, Surabaya","Jl. Slamet No.31, Ketabang, Kec. Genteng, Surabaya, Jawa Timur 60272",0811-2650-705,"4,7",Tidak ada ulasan teks,"https://www.google.com/maps/place/Spesial+Soto+Boyolali+%28SSB%29+Hj.+Hesti+Widodo,+Surabaya/data=!4m7!3m6!1s0x2dd7f9bd12e86f55:0xf4088ba0da6ad824!8m2!3d-7.2594392!4d112.7497561!16s%2Fg%2F11q9519xpt!19sChIJVW_oEr351y0RJNhq2qCLCPQ?authuser=0&hl=id&rclk=1"
Nasi Cumi Pasar Atom Ibu Atun,"Jl. Waspada No.30, Bongkaran, Kec. Pabean Cantikan, Surabaya, Jawa Timur 60161",0812-3313-5455,"4,1",Tidak ada ulasan teks,https://www.google.com/maps/place/Nasi+Cumi+Pasar+Atom+Ibu+Atun/data=!4m7!3m6!1s0x2dd7f916c0386219:0x6208b23019ab88c5!8m2!3d-7.2406074!4d112.7436269!16s%2Fg%2F11b6d75vkh!19sChIJGWI4wBb51y0RxYirGTCyCGI?authuser=0&hl=id&rclk=1
Warung Taburai - Surabaya Mulyosari,"PQPW+49P, Jl. Raya Mulyosari No.101, Kalisari, Kec. Mulyorejo, Surabaya, Jawa Timur 60112",0851-3478-4321,"4,7",Tidak ada ulasan teks,https://www.google.com/maps/place/Warung+Taburai+-+Surabaya+Mulyosari/data=!4m7!3m6!1s0x2dd7fb7a0ff110bb:0x9ac9e3a2845f194!8m2!3d-7.264601!4d112.7959913!16s%2Fg%2F11xh1vb515!19sChIJuxDxD3r71y0RlPFFKDqerAk?authuser=0&hl=id&rclk=1
Rumah Makan Layar Seafood Manyar,"Jl. Manyar Kertoarjo No.23 - 25, Mojo, Kec. Gubeng, Surabaya, Jawa Timur 60285",(031) 5947666,"4,7","Restoran seafood dengan kualitas tempat yang sangat baik. Makanannya juga cukup enak dengan porsi yang pas. Harganya sangat worth it bila ditinjau dari sisi kualitas tempat, kualitas makanan, dan porsi makanan. Sangat cocok untuk yang …",https://www.google.com/maps/place/Rumah+Makan+Layar+Seafood+Manyar/data=!4m7!3m6!1s0x2dd7fbd2330b9919:0x9b82ea9e3b785a9a!8m2!3d-7.2796!4d112.766604!16s%2Fg%2F11rfcvqdl3!19sChIJGZkLM9L71y0Rmlp4O57qgps?authuser=0&hl=id&rclk=1
Pecel Ponorogo Hj. Boeyatin,"PPQX+92X, Jl. Ketabang Kali, Ketabang, Kec. Genteng, Surabaya, Jawa Timur 60272",0812-3150-667,"4,3",Tidak ada ulasan teks,https://www.google.com/maps/place/Pecel+Ponorogo+Hj.+Boeyatin/data=!4m7!3m6!1s0x2dd7f964806dce51:0x645d48df3234c09d!8m2!3d-7.2615223!4d112.7476246!16s%2Fg%2F11bx43h2wn!19sChIJUc5tgGT51y0RncA0Mt9IXWQ?authuser=0&hl=id&rclk=1
Kayanna Restaurant,"Jl. Dr. Soetomo No.50-52, DR. Soetomo, Kec. Tegalsari, Surabaya, Jawa Timur 60264",(031) 5677270,"4,4",Tidak ada ulasan teks,https://www.google.com/maps/place/Kayanna+Restaurant/data=!4m7!3m6!1s0x2dd7fbe9e37e81b5:0xa250c4c9d19b4986!8m2!3d-7.2815566!4d112.7392273!16s%2Fg%2F11gbf63r7d!19sChIJtYF-4-n71y0Rhkmb0cnEUKI?authuser=0&hl=id&rclk=1
Rawon Kalkulator,"Sentra PKL Tamam Bungkul, Jl. Raya Darmo, Darmo, Kec. Wonokromo, Surabaya, Jawa Timur 60241",(031) 5661784,"4,4","Tempatnya tidak terlalu besar & sepertinya selalu rame pengunjung. Untuk menu ada rawon & soto. Untuk rawon, dagingnya lembut, dan rasanya juga enak. Untuk pelayanan tidak ada yang istimewa, tapi tidak jelek juga, lumayan gercep. Untuk harga juga masih terjangkau. Boleh dicoba untuk yang lagi berkunjung ke Surabaya 😁👍🏻🙏🏻 …",https://www.google.com/maps/place/Rawon+Kalkulator/data=!4m7!3m6!1s0x2dd7fbbe23d5a7e1:0xd3486fa5af94b650!8m2!3d-7.2918496!4d112.7401047!16s%2Fg%2F1pzrq3qkb!19sChIJ4afVI7771y0RULaUr6VvSNM?authuser=0&hl=id&rclk=1
Yaman Kuliner,"Jl. KH Mas Mansyur No.92, Ampel, Kec. Semampir, Surabaya, Jawa Timur 60162",(031) 3521775,"4,4",Pesan Nasi Biryani Sapi nunggu ada hampir 30 menit. Nasi lembek dan dingin. Tidak disajikan dalam kondisi panas. Rasa Nasi Biryani juga aneh. Tidak seperti Nasi Biryani yang biasa saya makan. Daging ada 3 potong. Alotnya setengah mati. …,https://www.google.com/maps/place/Yaman+Kuliner/data=!4m7!3m6!1s0x2dd7f918c5ec78d7:0x64f41ceaab433fa8!8m2!3d-7.232525!4d112.741133!16s%2Fg%2F1hm3h2ztm!19sChIJ13jsxRj51y0RqD9Dq-oc9GQ?authuser=0&hl=id&rclk=1
Depot Sederhana Gubeng Pojok,"Jl. Stasiun Gubeng No.1A, Pacar Keling, Kec. Genteng, Surabaya, Jawa Timur 60272",0821-3171-9002,"4,6",Baru coba nasi campur dan mie goreng .enak..rasa masakan jawa yg medok dan miroso .menunya simpel rasanya kaya enak murah  dan nampol..seeprti khas warung jadul yg bikin kenangan.Yng berkunjung banyak orang sepuh.. seperti nya sudah langganan,https://www.google.com/maps/place/Depot+Sederhana+Gubeng+Pojok/data=!4m7!3m6!1s0x2dd7f963d2d4fb4d:0xc8bf1c2a9ed2f725!8m2!3d-7.2664351!4d112.7518896!16s%2Fg%2F11b6br_w71!19sChIJTfvU0mP51y0RJffSniocv8g?authuser=0&hl=id&rclk=1
